1,90,10,10,10,0,0
2,90,10,10,10,66.734,33.266
3,90,10,10,10,66.734,33.266
4,90,10,10,10,66.734,33.266
5,90,10,10,10,66.734,33.266
6,90,10,10,10,66.734,33.266
7,90,10,10,10,66.734,33.266
8,90,10,10,10,66.734,33.266
9,90,10,10,10,66.734,33.266
10,90,10,10,10,66.734,33.266
11,90,10,10,10,66.734,33.266
12,90,10,10,10,66.734,33.266
13,90,10,10,10,66.734,33.266
14,90,10,10,10,66.734,33.266
15,90,10,10,10,66.734,33.266
16,90,10,10,10,66.734,33.266
17,90,10,10,10,66.734,33.266
18,90,10,10,10,66.734,33.266
19,90,10,10,10,66.734,33.266
20,90,10,10,10,66.734,33.266
21,90,10,10,10,66.734,33.266
22,90,10,10,10,66.734,33.266
23,90,10,10,10,66.734,33.266
24,90,10,10,10,66.734,33.266
25,90,10,10,10,66.734,33.266
26,90,10,10,10,66.734,33.266
27,90,10,10,10,66.734,33.266
28,90,10,10,10,66.734,33.266
29,90,10,10,10,66.734,33.266
30,90,10,10,10,66.734,33.266
31,90,10,10,10,66.734,33.266
32,90,10,10,10,66.734,33.266
33,90,10,10,10,66.734,33.266
34,90,10,10,10,66.734,33.266
35,90,10,10,10,66.734,33.266
36,90,10,10,10,66.734,33.266
37,90,10,10,10,66.734,33.266
38,90,10,10,10,66.734,33.266
39,90,10,10,10,66.734,33.266
40,90,10,10,10,66.734,33.266
41,90,10,10,10,66.734,33.266
42,90,10,10,10,66.734,33.266
43,90,10,10,10,66.734,33.266
44,90,10,10,10,66.734,33.266
45,90,10,10,10,66.734,33.266
46,90,10,10,10,66.734,33.266
47,90,10,10,10,66.734,33.266
48,90,10,10,10,66.734,33.266
49,90,10,10,10,66.734,33.266
50,90,10,10,10,66.734,33.266
51,90,10,10,10,66.734,33.266
52,90,10,10,10,66.734,33.266
53,90,10,10,10,66.734,33.266
54,90,10,10,10,66.734,33.266
55,90,10,10,10,66.734,33.266
56,90,10,10,10,66.734,33.266
57,90,10,10,10,66.734,33.266
58,90,10,10,10,66.734,33.266
59,90,10,10,10,66.734,33.266
60,90,10,10,10,66.734,33.266
61,90,10,10,10,66.734,33.266
62,90,10,10,10,66.734,33.266
63,90,10,10,10,66.734,33.266
64,90,10,10,10,66.734,33.266
65,90,10,10,10,66.734,33.266
66,90,10,10,10,66.734,33.266
67,90,10,10,10,66.734,33.266
68,90,10,10,10,66.734,33.266
69,90,10,10,10,66.734,33.266
70,90,10,10,10,66.734,33.266
71,90,10,10,10,66.734,33.266
72,90,10,10,10,66.734,33.266
73,90,10,10,10,66.734,33.266
74,90,10,10,10,66.734,33.266
75,90,10,10,10,66.734,33.266
76,90,10,10,10,66.734,33.266
77,90,10,10,10,66.734,33.266
78,90,10,10,10,66.734,33.266
79,90,10,10,10,66.734,33.266
80,90,10,10,10,66.734,33.266
81,90,10,10,10,66.734,33.266
82,90,10,10,10,66.734,33.266
83,90,10,10,10,66.734,33.266
84,90,10,10,10,66.734,33.266
85,90,10,10,10,66.734,33.266
86,90,10,10,10,66.734,33.266
87,90,10,10,10,66.734,33.266
88,90,10,10,10,66.734,33.266
89,90,10,10,10,66.734,33.266
90,90,10,10,10,66.734,33.266
91,90,10,10,10,66.734,33.266
92,90,10,10,10,66.734,33.266
93,90,10,10,10,66.734,33.266
94,90,10,10,10,66.734,33.266
95,90,10,10,10,66.734,33.266
96,90,10,10,10,66.734,33.266
97,90,10,10,10,66.734,33.266
98,90,10,10,10,66.734,33.266
99,90,10,10,10,66.734,33.266
100,90,10,10,10,66.734,33.266
101,90,10,10,10,66.734,33.266
102,90,10,10,10,66.734,33.266
103,90,10,10,10,66.734,33.266
104,90,10,10,10,66.734,33.266
105,50,10,10,10,66.734,33.266
106,50,10,10,10,66.734,33.184
107,50,10,10,10,66.734,33.116
108,50,10,10,10,66.734,33.049
109,50,10,10,10,66.734,32.981
110,50,10,10,10,66.734,32.914
111,50,10,10,10,66.734,32.847
112,50,10,10,10,66.734,32.78
113,50,10,10,10,66.734,32.713
114,50,10,10,10,66.734,32.647
115,50,10,10,10,66.734,32.581
116,50,10,10,10,66.734,32.515
117,50,10,10,10,66.734,32.449
118,50,10,10,10,66.734,32.383
119,50,10,10,10,66.734,32.318
120,50,10,10,10,66.734,32.253
121,50,10,10,10,66.734,32.188
122,50,10,10,10,66.734,32.124
123,50,10,10,10,66.734,32.059
124,50,10,10,10,66.734,31.995
125,50,10,10,10,66.734,31.931
126,50,10,10,10,66.734,31.867
127,50,10,10,10,66.734,31.804
128,50,10,10,10,66.734,31.74
129,50,10,10,10,66.734,31.677
130,50,10,10,10,66.734,31.614
131,50,10,10,10,66.734,31.552
132,50,10,10,10,66.734,31.489
133,50,10,10,10,66.734,31.427
134,50,10,10,10,66.734,31.365
135,50,10,10,10,66.734,31.303
136,50,10,10,10,66.734,31.241
137,50,10,10,10,66.734,31.18
138,50,10,10,10,66.734,31.118
139,50,10,10,10,66.734,31.057
140,50,10,10,10,66.734,30.997
141,50,10,10,10,66.734,30.936
142,50,10,10,10,66.734,30.875
143,50,10,10,10,66.734,30.815
144,50,10,10,10,66.734,30.755
145,50,10,10,10,66.734,30.695
146,50,10,10,10,66.734,30.636
147,50,10,10,10,66.734,30.576
148,50,10,10,10,66.734,30.517
149,50,10,10,10,66.734,30.458
150,50,10,10,10,66.734,30.399
151,50,10,10,10,66.734,30.34
152,50,10,10,10,66.734,30.282
153,50,10,10,10,66.734,30.223
154,50,10,10,10,66.734,30.165
155,50,10,10,10,66.734,30.107
156,50,10,10,10,66.734,30.05
157,50,10,10,10,66.734,29.992
158,50,10,10,10,66.734,29.935
159,50,10,10,10,66.734,29.878
160,50,10,10,10,66.734,29.821
161,50,10,10,10,66.734,29.764
162,50,10,10,10,66.734,29.707
163,50,10,10,10,66.734,29.651
164,50,10,10,10,66.734,29.595
165,50,10,10,10,66.734,29.539
166,50,10,10,10,66.734,29.483
167,50,10,10,10,66.734,29.427
168,50,10,10,10,66.734,29.371
169,50,10,10,10,66.734,29.316
170,50,10,10,10,66.734,29.261
171,50,10,10,10,66.734,29.206
172,50,10,10,10,66.734,29.151
173,50,10,10,10,66.734,29.097
174,50,10,10,10,66.734,29.042
175,50,10,10,10,66.734,28.988
176,50,10,10,10,66.734,28.934
177,50,10,10,10,66.734,28.88
178,50,10,10,10,66.734,28.826
179,50,10,10,10,66.734,28.772
180,50,10,10,10,66.734,28.719
181,50,10,10,10,66.734,28.666
182,50,10,10,10,66.734,28.613
183,50,10,10,10,66.734,28.56
184,50,10,10,10,66.734,28.507
185,50,10,10,10,66.734,28.454
186,50,10,10,10,66.734,28.402
187,50,10,10,10,66.734,28.35
188,50,10,10,10,66.734,28.298
189,50,10,10,10,66.734,28.246
190,50,10,10,10,66.734,28.194
191,50,10,10,10,66.734,28.143
192,50,10,10,10,66.734,28.091
193,50,10,10,10,66.734,28.04
194,50,10,10,10,66.734,27.989
195,50,10,10,10,66.734,27.938
196,50,10,10,10,66.734,27.887
197,50,10,10,10,66.734,27.836
198,50,10,10,10,66.734,27.786
199,50,10,10,10,66.733,27.736
200,50,10,10,10,66.733,27.686
201,50,10,10,10,66.732,27.636
202,50,10,10,10,66.73,27.586
203,50,10,10,10,66.726,27.536
204,50,10,10,10,66.72,27.487
205,50,10,10,10,66.708,27.437
206,50,10,10,10,66.69,27.388
207,50,10,10,10,66.66,27.339
208,50,10,10,10,66.612,27.29
209,50,10,10,10,66.54,27.241
210,50,10,10,10,66.433,27.193
211,50,10,10,10,66.279,27.144
212,50,10,10,10,66.065,27.096
213,50,10,10,10,65.773,27.048
214,50,10,10,10,65.387,27
215,50,10,10,10,64.89,26.952
216,50,10,10,10,64.267,26.904
217,50,10,10,10,63.505,26.857
218,50,10,10,10,62.598,26.81
219,50,10,10,10,61.543,26.762
220,50,10,10,10,60.347,26.715
221,50,10,10,10,59.023,26.668
222,50,10,10,10,57.591,26.621
223,50,10,10,10,56.077,26.575
224,50,10,10,10,54.513,26.528
225,50,10,10,10,52.934,26.482
226,50,10,10,10,51.372,26.436
227,50,10,10,10,49.861,26.389
228,50,10,10,10,48.43,26.344
229,50,10,10,10,47.101,26.298
230,50,10,10,10,45.894,26.252
231,50,10,10,10,44.817,26.206
232,50,10,10,10,43.876,26.161
233,50,10,10,10,43.068,26.116
234,50,10,10,10,42.388,26.071
235,50,10,10,10,41.825,26.026
236,50,10,10,10,41.367,25.981
237,50,10,10,10,41,25.936
238,50,10,10,10,40.711,25.892
239,50,10,10,10,40.485,25.847
240,50,10,10,10,40.312,25.803
241,50,10,10,10,40.179,25.759
242,50,10,10,10,40.079,25.715
243,50,10,10,10,40.002,25.671
244,50,10,10,10,39.944,25.627
245,50,10,10,10,39.898,25.583
246,50,10,10,10,39.863,25.54
247,50,10,10,10,39.833,25.496
248,50,10,10,10,39.809,25.453
249,50,10,10,10,39.788,25.41
250,50,10,10,10,39.769,25.367
251,50,10,10,10,39.751,25.324
252,50,10,10,10,39.734,25.281
253,50,10,10,10,39.718,25.239
254,50,10,10,10,39.703,25.196
255,50,10,10,10,39.687,25.154
256,50,10,10,10,39.672,25.112
257,50,10,10,10,39.658,25.07
258,50,10,10,10,39.643,25.028
259,50,10,10,10,39.629,24.986
260,50,10,10,10,39.614,24.944
261,50,10,10,10,39.6,24.902
262,50,10,10,10,39.586,24.861
263,50,10,10,10,39.572,24.82
264,50,10,10,10,39.558,24.778
265,50,10,10,10,39.544,24.737
266,50,10,10,10,39.531,24.696
267,50,10,10,10,39.517,24.655
268,50,10,10,10,39.504,24.615
269,50,10,10,10,39.49,24.574
270,50,10,10,10,39.477,24.533
271,50,10,10,10,39.464,24.493
272,50,10,10,10,39.451,24.453
273,50,10,10,10,39.438,24.413
274,50,10,10,10,39.425,24.373
275,50,10,10,10,39.413,24.333
276,50,10,10,10,39.4,24.293
277,50,10,10,10,39.387,24.253
278,50,10,10,10,39.375,24.214
279,50,10,10,10,39.363,24.174
280,50,10,10,10,39.351,24.135
281,50,10,10,10,39.338,24.096
282,50,10,10,10,39.326,24.056
283,50,10,10,10,39.315,24.017
284,50,10,10,10,39.303,23.979
285,50,10,10,10,39.291,23.94
286,50,10,10,10,39.28,23.901
287,50,10,10,10,39.268,23.863
288,50,10,10,10,39.257,23.824
289,50,10,10,10,39.245,23.786
290,50,10,10,10,39.234,23.748
291,50,10,10,10,39.223,23.71
292,50,10,10,10,39.212,23.672
293,50,10,10,10,39.201,23.634
294,50,10,10,10,39.19,23.596
295,50,10,10,10,39.18,23.558
296,50,10,10,10,39.169,23.521
297,50,10,10,10,39.158,23.483
298,50,10,10,10,39.148,23.446
299,50,10,10,10,39.138,23.409
300,50,10,10,10,39.127,23.371
301,50,10,10,10,39.117,23.334
302,50,10,10,10,39.107,23.297
303,50,10,10,10,39.097,23.261
304,50,10,10,10,39.087,23.224
305,50,10,10,10,39.077,23.187
306,50,10,10,10,39.068,23.151
307,50,10,10,10,39.058,23.114
308,50,10,10,10,39.048,23.078
309,70,10,10,10,39.039,23.042
310,70,10,10,10,39.029,23.047
311,70,10,10,10,39.02,23.045
312,70,10,10,10,39.011,23.043
313,70,10,10,10,39.002,23.041
314,70,10,10,10,38.993,23.039
315,70,10,10,10,38.984,23.037
316,70,10,10,10,38.975,23.035
317,70,10,10,10,38.966,23.033
318,70,10,10,10,38.957,23.031
319,70,10,10,10,38.949,23.029
320,70,10,10,10,38.94,23.027
321,70,10,10,10,38.932,23.025
322,70,10,10,10,38.923,23.023
323,70,10,10,10,38.915,23.021
324,70,10,10,10,38.907,23.019
325,70,10,10,10,38.899,23.017
326,70,10,10,10,38.891,23.016
327,70,10,10,10,38.883,23.014
328,70,10,10,10,38.875,23.013
329,70,10,10,10,38.867,23.012
330,70,10,10,10,38.859,23.012
331,70,10,10,10,38.852,23.012
332,70,10,10,10,38.844,23.012
333,70,10,10,10,38.836,23.013
334,70,10,10,10,38.829,23.014
335,70,10,10,10,38.822,23.016
336,70,10,10,10,38.814,23.019
337,70,10,10,10,38.807,23.023
338,70,10,10,10,38.8,23.027
339,70,10,10,10,38.793,23.033
340,70,10,10,10,38.786,23.04
341,70,10,10,10,38.779,23.047
342,70,10,10,10,38.772,23.056
343,70,10,10,10,38.765,23.067
344,70,10,10,10,38.759,23.078
345,70,10,10,10,38.752,23.091
346,70,10,10,10,38.746,23.104
347,70,10,10,10,38.739,23.12
348,70,10,10,10,38.733,23.136
349,70,10,10,10,38.726,23.153
350,70,10,10,10,38.72,23.171
351,70,10,10,10,38.714,23.191
352,70,10,10,10,38.708,23.211
353,70,10,10,10,38.702,23.232
354,70,10,10,10,38.696,23.254
355,70,10,10,10,38.69,23.276
356,70,10,10,10,38.684,23.3
357,70,10,10,10,38.678,23.323
358,70,10,10,10,38.672,23.347
359,70,10,10,10,38.667,23.372
360,70,10,10,10,38.661,23.397
361,70,10,10,10,38.656,23.422
362,70,10,10,10,38.65,23.447
363,70,10,10,10,38.645,23.473
364,70,10,10,10,38.639,23.498
365,70,10,10,10,38.634,23.524
366,70,10,10,10,38.629,23.55
367,70,10,10,10,38.624,23.576
368,70,10,10,10,38.619,23.601
369,70,10,10,10,38.614,23.627
370,70,10,10,10,38.609,23.653
371,70,10,10,10,38.604,23.679
372,70,10,10,10,38.599,23.705
373,70,10,10,10,38.594,23.73
374,70,10,10,10,38.59,23.756
375,70,10,10,10,38.585,23.782
376,70,10,10,10,38.581,23.807
377,70,10,10,10,38.576,23.833
378,70,10,10,10,38.572,23.858
379,70,10,10,10,38.567,23.883
380,70,10,10,10,38.563,23.909
381,70,10,10,10,38.559,23.934
382,70,10,10,10,38.554,23.959
383,70,10,10,10,38.55,23.984
384,70,10,10,10,38.546,24.009
385,70,10,10,10,38.542,24.034
386,70,10,10,10,38.538,24.059
387,70,10,10,10,38.534,24.084
388,70,10,10,10,38.53,24.109
389,70,10,10,10,38.527,24.134
390,70,10,10,10,38.523,24.158
391,70,10,10,10,38.519,24.183
392,70,10,10,10,38.515,24.207
393,70,10,10,10,38.512,24.232
394,70,10,10,10,38.508,24.256
395,70,10,10,10,38.505,24.281
396,70,10,10,10,38.501,24.305
397,70,10,10,10,38.498,24.329
398,70,10,10,10,38.495,24.353
399,70,10,10,10,38.492,24.377
400,70,10,10,10,38.488,24.401
401,70,10,10,10,38.485,24.425
402,70,10,10,10,38.482,24.449
403,70,10,10,10,38.479,24.473
404,70,10,10,10,38.477,24.497
405,70,10,10,10,38.474,24.521
406,70,10,10,10,38.472,24.544
407,70,10,10,10,38.471,24.568
408,70,10,10,10,38.472,24.591
409,70,10,10,10,38.475,24.615
410,70,10,10,10,38.481,24.638
411,70,10,10,10,38.494,24.662
412,70,10,10,10,38.515,24.685
413,70,10,10,10,38.548,24.708
414,70,10,10,10,38.599,24.731
415,70,10,10,10,38.674,24.755
416,70,10,10,10,38.779,24.778
417,70,10,10,10,38.923,24.801
418,70,10,10,10,39.113,24.824
419,70,10,10,10,39.36,24.846
420,70,10,10,10,39.669,24.869
421,70,10,10,10,40.048,24.892
422,70,10,10,10,40.499,24.915
423,70,10,10,10,41.024,24.937
424,70,10,10,10,41.62,24.96
425,70,10,10,10,42.28,24.982
426,70,10,10,10,42.995,25.005
427,70,10,10,10,43.75,25.027
428,70,10,10,10,44.53,25.05
429,70,10,10,10,45.318,25.072
430,70,10,10,10,46.097,25.094
431,70,10,10,10,46.851,25.116
432,70,10,10,10,47.565,25.139
433,70,10,10,10,48.227,25.161
434,70,10,10,10,48.83,25.183
435,70,10,10,10,49.367,25.205
436,70,10,10,10,49.836,25.226
437,70,10,10,10,50.238,25.248
438,70,10,10,10,50.577,25.27
439,70,10,10,10,50.857,25.292
440,70,10,10,10,51.085,25.313
441,70,10,10,10,51.267,25.335
442,70,10,10,10,51.411,25.357
443,70,10,10,10,51.522,25.378
444,70,10,10,10,51.608,25.4
445,70,10,10,10,51.673,25.421
446,70,10,10,10,51.722,25.442
447,70,10,10,10,51.76,25.463
448,70,10,10,10,51.788,25.485
449,70,10,10,10,51.81,25.506
450,70,10,10,10,51.827,25.527
451,70,10,10,10,51.84,25.548
452,70,10,10,10,51.852,25.569
453,70,10,10,10,51.862,25.59
454,70,10,10,10,51.871,25.611
455,70,10,10,10,51.879,25.632
456,70,10,10,10,51.887,25.652
457,70,10,10,10,51.894,25.673
458,70,10,10,10,51.901,25.694
459,70,10,10,10,51.908,25.714
460,70,10,10,10,51.915,25.735
461,70,10,10,10,51.922,25.756
462,70,10,10,10,51.929,25.776
463,70,10,10,10,51.936,25.796
464,70,10,10,10,51.942,25.817
465,70,10,10,10,51.949,25.837
466,70,10,10,10,51.956,25.857
467,70,10,10,10,51.962,25.878
468,70,10,10,10,51.969,25.898
469,70,10,10,10,51.975,25.918
470,70,10,10,10,51.982,25.938
471,70,10,10,10,51.988,25.958
472,70,10,10,10,51.995,25.978
473,70,10,10,10,52.001,25.998
474,70,10,10,10,52.008,26.017
475,70,10,10,10,52.014,26.037
476,70,10,10,10,52.02,26.057
477,70,10,10,10,52.026,26.077
478,70,10,10,10,52.032,26.096
479,70,10,10,10,52.039,26.116
480,70,10,10,10,52.045,26.135
481,70,10,10,10,52.051,26.155
482,70,10,10,10,52.057,26.174
483,70,10,10,10,52.063,26.194
484,70,10,10,10,52.069,26.213
485,70,10,10,10,52.074,26.232
486,70,10,10,10,52.08,26.251
487,70,10,10,10,52.086,26.271
488,70,10,10,10,52.092,26.29
489,70,10,10,10,52.097,26.309
490,70,10,10,10,52.103,26.328
491,70,10,10,10,52.109,26.347
492,70,10,10,10,52.114,26.366
493,70,10,10,10,52.12,26.385
494,70,10,10,10,52.125,26.403
495,70,10,10,10,52.13,26.422
496,70,10,10,10,52.136,26.441
497,70,10,10,10,52.141,26.46
498,70,10,10,10,52.146,26.478
499,70,10,10,10,52.152,26.497
500,70,40,10,10,52.157,26.515
501,70,40,10,10,52.223,26.534
502,70,40,10,10,52.279,26.552
503,70,40,10,10,52.335,26.571
504,70,40,10,10,52.391,26.589
505,70,40,10,10,52.446,26.607
506,70,40,10,10,52.502,26.625
507,70,40,10,10,52.557,26.644
508,70,40,10,10,52.611,26.662
509,70,40,10,10,52.666,26.68
510,70,40,10,10,52.72,26.698
511,70,40,10,10,52.774,26.716
512,70,40,10,10,52.828,26.734
513,70,40,10,10,52.882,26.752
514,70,40,10,10,52.936,26.77
515,70,40,10,10,52.989,26.787
516,70,40,10,10,53.042,26.805
517,70,40,10,10,53.095,26.823
518,70,40,10,10,53.148,26.841
519,70,40,10,10,53.2,26.858
520,70,40,10,10,53.253,26.876
521,70,40,10,10,53.305,26.893
522,70,40,10,10,53.357,26.911
523,70,40,10,10,53.408,26.928
524,70,40,10,10,53.46,26.946
525,70,40,10,10,53.511,26.963
526,70,40,10,10,53.562,26.98
527,70,40,10,10,53.613,26.997
528,70,40,10,10,53.664,27.014
529,70,40,10,10,53.715,27.031
530,70,40,10,10,53.765,27.048
531,70,40,10,10,53.815,27.065
532,70,40,10,10,53.865,27.081
533,70,40,10,10,53.915,27.098
534,70,40,10,10,53.964,27.114
535,70,40,10,10,54.014,27.13
536,70,40,10,10,54.063,27.145
537,70,40,10,10,54.112,27.16
538,70,40,10,10,54.161,27.175
539,70,40,10,10,54.21,27.19
540,70,40,10,10,54.258,27.204
541,70,40,10,10,54.306,27.218
542,70,40,10,10,54.354,27.231
543,70,40,10,10,54.402,27.243
544,70,40,10,10,54.45,27.255
545,70,40,10,10,54.498,27.267
546,70,40,10,10,54.545,27.277
547,70,40,10,10,54.592,27.288
548,70,40,10,10,54.639,27.297
549,70,40,10,10,54.686,27.306
550,70,40,10,10,54.733,27.314
551,70,40,10,10,54.779,27.321
552,70,40,10,10,54.825,27.328
553,70,40,10,10,54.872,27.335
554,70,40,10,10,54.917,27.34
555,70,40,10,10,54.963,27.345
556,70,40,10,10,55.009,27.35
557,70,40,10,10,55.054,27.354
558,70,40,10,10,55.1,27.358
559,70,40,10,10,55.145,27.361
560,70,40,10,10,55.19,27.364
561,70,40,10,10,55.234,27.367
562,70,40,10,10,55.279,27.369
563,70,40,10,10,55.323,27.372
564,70,40,10,10,55.368,27.374
565,70,40,10,10,55.412,27.375
566,70,40,10,10,55.456,27.377
567,70,40,10,10,55.499,27.379
568,70,40,10,10,55.543,27.38
569,70,40,10,10,55.586,27.381
570,70,40,10,10,55.63,27.382
571,70,40,10,10,55.673,27.384
572,70,40,10,10,55.716,27.385
573,70,40,10,10,55.759,27.386
574,70,40,10,10,55.801,27.387
575,70,40,10,10,55.844,27.388
576,70,40,10,10,55.886,27.389
577,70,40,10,10,55.928,27.39
578,70,40,10,10,55.97,27.391
579,70,40,10,10,56.012,27.392
580,70,40,10,10,56.054,27.393
581,70,40,10,10,56.095,27.393
582,70,40,10,10,56.136,27.394
583,70,40,10,10,56.178,27.395
584,70,40,10,10,56.219,27.396
585,70,40,10,10,56.26,27.397
586,70,40,10,10,56.3,27.398
587,70,40,10,10,56.341,27.399
588,70,40,10,10,56.381,27.399
589,70,40,10,10,56.422,27.4
590,70,40,10,10,56.462,27.401
591,70,40,10,10,56.502,27.402
592,70,40,10,10,56.542,27.403
593,70,40,10,10,56.582,27.403
594,70,40,10,10,56.621,27.404
595,70,40,10,10,56.661,27.405
596,70,40,10,10,56.7,27.407
597,70,40,10,10,56.739,27.409
598,70,40,10,10,56.778,27.413
599,70,40,10,10,56.817,27.418
600,70,40,10,10,56.855,27.427
601,70,40,10,10,56.894,27.442
602,70,40,10,10,56.932,27.465
603,70,40,10,10,56.971,27.501
604,70,40,10,10,57.009,27.556
605,70,40,10,10,57.047,27.637
606,70,40,10,10,57.085,27.753
607,70,40,10,10,57.122,27.915
608,70,40,10,10,57.16,28.134
609,70,40,10,10,57.197,28.424
610,70,40,10,10,57.235,28.798
611,70,40,10,10,57.272,29.266
612,70,40,10,10,57.309,29.837
613,70,40,10,10,57.346,30.518
614,70,40,10,10,57.383,31.31
615,70,40,10,10,57.419,32.207
616,70,40,10,10,57.456,33.201
617,70,40,10,10,57.492,34.276
618,70,40,10,10,57.528,35.412
619,70,40,10,10,57.564,36.585
620,70,40,10,10,57.6,37.771
621,70,40,10,10,57.636,38.942
622,70,40,10,10,57.672,40.076
623,70,40,10,10,57.707,41.15
624,70,40,10,10,57.743,42.147
625,70,40,10,10,57.778,43.053
626,70,40,10,10,57.813,43.861
627,70,40,10,10,57.848,44.567
628,70,40,10,10,57.883,45.173
629,70,40,10,10,57.918,45.684
630,70,40,10,10,57.953,46.107
631,70,40,10,10,57.987,46.451
632,70,40,10,10,58.022,46.726
633,70,40,10,10,58.056,46.944
634,70,40,10,10,58.09,47.113
635,70,40,10,10,58.124,47.244
636,70,40,10,10,58.158,47.344
637,70,40,10,10,58.192,47.42
638,70,40,10,10,58.226,47.477
639,70,40,10,10,58.259,47.522
640,70,40,10,10,58.293,47.556
641,70,40,10,10,58.326,47.583
642,70,40,10,10,58.359,47.606
643,70,40,10,10,58.392,47.624
644,70,40,10,10,58.425,47.641
645,70,40,10,10,58.458,47.655
646,70,40,10,10,58.491,47.669
647,70,40,10,10,58.524,47.682
648,70,40,10,10,58.556,47.694
649,70,40,10,10,58.588,47.706
650,70,40,10,10,58.621,47.718
651,70,40,10,10,58.653,47.73
652,70,40,10,10,58.685,47.741
653,70,40,10,10,58.717,47.752
654,70,40,10,10,58.749,47.763
655,70,20,10,10,58.78,47.775
656,70,20,10,10,58.771,47.785
657,70,20,10,10,58.769,47.796
658,70,20,10,10,58.766,47.807
659,70,20,10,10,58.764,47.818
660,70,20,10,10,58.761,47.828
661,70,20,10,10,58.759,47.839
662,70,20,10,10,58.756,47.849
663,70,20,10,10,58.754,47.86
664,70,20,10,10,58.751,47.87
665,70,20,10,10,58.749,47.88
666,70,20,10,10,58.746,47.89
667,70,20,10,10,58.744,47.9
668,70,20,10,10,58.741,47.91
669,70,20,10,10,58.739,47.92
670,70,20,10,10,58.737,47.93
671,70,20,10,10,58.734,47.94
672,70,20,10,10,58.732,47.949
673,70,20,10,10,58.729,47.959
674,70,20,10,10,58.727,47.968
675,70,20,10,10,58.725,47.978
676,70,20,10,10,58.722,47.987
677,70,20,10,10,58.72,47.996
678,70,20,10,10,58.718,48.005
679,70,20,10,10,58.716,48.014
680,70,20,10,10,58.713,48.023
681,70,20,10,10,58.711,48.032
682,70,20,10,10,58.709,48.041
683,70,20,10,10,58.707,48.05
684,70,20,10,10,58.704,48.058
685,70,20,10,10,58.702,48.067
686,70,20,10,10,58.7,48.075
687,70,20,10,10,58.698,48.084
688,70,20,10,10,58.696,48.092
689,70,20,10,10,58.694,48.101
690,70,20,10,10,58.692,48.109
691,70,20,10,10,58.69,48.117
692,70,20,10,10,58.688,48.125
693,70,20,10,10,58.686,48.133
694,70,20,10,10,58.684,48.141
695,70,20,10,10,58.682,48.149
696,70,20,10,10,58.68,48.157
697,70,20,10,10,58.678,48.164
698,70,20,10,10,58.676,48.172
699,70,20,10,10,58.674,48.179
700,70,20,10,10,58.672,48.187
701,70,20,10,10,58.67,48.194
702,70,20,10,10,58.668,48.202
703,70,20,10,10,58.666,48.209
704,70,20,10,10,58.664,48.216
705,70,20,10,10,58.663,48.223
706,70,20,10,10,58.661,48.231
707,70,20,10,10,58.659,48.238
708,70,20,10,10,58.657,48.245
709,70,20,10,10,58.655,48.251
710,70,20,10,10,58.654,48.258
711,70,20,10,10,58.652,48.265
712,70,20,10,10,58.65,48.272
713,70,20,10,10,58.649,48.278
714,70,20,10,10,58.647,48.285
715,70,20,10,10,58.645,48.291
716,70,20,10,10,58.643,48.298
717,70,20,10,10,58.642,48.304
718,70,20,10,10,58.64,48.311
719,70,20,10,10,58.638,48.317
720,70,20,10,10,58.636,48.323
721,70,20,10,10,58.634,48.329
722,70,20,10,10,58.632,48.335
723,70,20,10,10,58.629,48.341
724,70,20,10,10,58.627,48.347
725,70,20,10,10,58.624,48.353
726,70,20,10,10,58.621,48.359
727,70,20,10,10,58.618,48.365
728,70,20,10,10,58.614,48.37
729,70,20,10,10,58.61,48.376
730,70,20,10,10,58.605,48.382
731,70,20,10,10,58.6,48.387
732,70,20,10,10,58.594,48.393
733,70,20,10,10,58.587,48.398
734,70,20,10,10,58.58,48.403
735,70,20,10,10,58.572,48.409
736,70,20,10,10,58.563,48.414
737,70,20,10,10,58.553,48.419
738,70,20,10,10,58.542,48.424
739,70,20,10,10,58.531,48.429
740,70,20,10,10,58.518,48.434
741,70,20,10,10,58.505,48.439
742,70,20,10,10,58.49,48.444
743,70,20,10,10,58.475,48.449
744,70,20,10,10,58.459,48.454
745,70,20,10,10,58.442,48.459
746,70,20,10,10,58.425,48.463
747,70,20,10,10,58.406,48.468
748,70,20,10,10,58.388,48.472
749,70,20,10,10,58.368,48.477
750,70,20,10,10,58.348,48.481
751,70,20,10,10,58.328,48.485
752,70,20,10,10,58.307,48.488
753,70,20,10,10,58.286,48.491
754,70,20,10,10,58.265,48.492
755,70,20,10,10,58.243,48.49
756,70,20,10,10,58.221,48.485
757,70,20,10,10,58.199,48.474
758,70,20,10,10,58.177,48.455
759,70,20,10,10,58.155,48.423
760,70,20,10,10,58.133,48.373
761,70,20,10,10,58.11,48.3
762,70,20,10,10,58.088,48.197
763,70,20,10,10,58.066,48.054
764,70,20,10,10,58.043,47.865
765,70,20,10,10,58.021,47.621
766,70,20,10,10,57.999,47.313
767,70,20,10,10,57.977,46.936
768,70,20,10,10,57.954,46.485
769,70,20,10,10,57.932,45.962
770,70,20,10,10,57.91,45.367
771,70,20,10,10,57.888,44.709
772,70,20,10,10,57.866,43.996
773,70,20,10,10,57.844,43.242
774,70,20,10,10,57.822,42.464
775,70,20,10,10,57.8,41.677
776,70,20,10,10,57.778,40.899
777,70,20,10,10,57.757,40.147
778,70,20,10,10,57.735,39.435
779,70,20,10,10,57.713,38.774
780,70,20,10,10,57.692,38.173
781,70,20,10,10,57.67,37.638
782,70,20,10,10,57.649,37.17
783,70,20,10,10,57.627,36.769
784,70,20,10,10,57.606,36.432
785,70,20,10,10,57.584,36.153
786,70,20,10,10,57.563,35.927
787,70,20,10,10,57.542,35.746
788,70,20,10,10,57.521,35.604
789,70,20,10,10,57.5,35.494
790,70,20,10,10,57.479,35.41
791,70,20,10,10,57.458,35.346
792,70,20,10,10,57.437,35.298
793,70,20,10,10,57.416,35.263
794,70,20,10,10,57.395,35.236
795,70,20,10,10,57.374,35.216
796,70,20,10,10,57.353,35.2
797,70,20,10,10,57.333,35.188
798,70,20,10,10,57.312,35.178
799,70,20,10,10,57.291,35.169
800,70,20,10,10,57.271,35.162
801,70,20,10,10,57.25,35.155
802,70,20,10,10,57.23,35.149
803,70,20,10,10,57.21,35.143
804,70,20,10,10,57.189,35.138
805,70,20,10,10,57.169,35.132
806,70,20,10,10,57.149,35.127
807,70,20,10,10,57.129,35.121
808,70,20,10,10,57.108,35.116
809,70,20,10,10,57.088,35.11
810,70,20,10,10,57.068,35.105
811,70,20,10,10,57.048,35.1
812,70,20,10,10,57.028,35.094
813,70,20,10,10,57.009,35.089
814,70,20,10,10,56.989,35.084
815,70,20,10,10,56.969,35.079
816,70,20,10,10,56.949,35.073
817,70,20,10,10,56.93,35.068
818,70,20,10,10,56.91,35.063
819,70,20,10,10,56.89,35.058
820,70,20,10,10,56.871,35.053
821,70,20,10,10,56.851,35.047
822,70,20,10,10,56.832,35.042
823,70,20,10,10,56.812,35.037
824,70,20,10,10,56.793,35.032
825,70,20,10,10,56.774,35.027
826,70,20,15,10,56.755,35.022
827,70,20,15,10,56.788,35.017
828,70,20,15,10,56.822,35.012
829,70,20,15,10,56.856,35.007
830,70,20,15,10,56.889,35.003
831,70,20,15,10,56.922,34.998
832,70,20,15,10,56.955,34.993
833,70,20,15,10,56.988,34.989
834,70,20,15,10,57.02,34.985
835,70,20,15,10,57.052,34.981
836,70,20,15,10,57.084,34.976
837,70,20,15,10,57.116,34.972
838,70,20,15,10,57.148,34.968
839,70,20,15,10,57.18,34.965
840,70,20,15,10,57.211,34.961
841,70,20,15,10,57.242,34.957
842,70,20,15,10,57.273,34.954
843,70,20,15,10,57.304,34.95
844,70,20,15,10,57.334,34.947
845,70,20,15,10,57.365,34.943
846,70,20,15,10,57.395,34.94
847,70,20,15,10,57.425,34.937
848,70,20,15,10,57.455,34.934
849,70,20,15,10,57.485,34.931
850,70,20,15,10,57.514,34.928
851,70,20,15,10,57.544,34.925
852,70,20,15,10,57.573,34.923
853,70,20,15,10,57.602,34.92
854,70,20,15,10,57.631,34.918
855,70,20,15,10,57.66,34.915
856,70,20,15,10,57.688,34.913
857,70,20,15,10,57.717,34.911
858,70,20,15,10,57.745,34.909
859,70,20,15,10,57.774,34.906
860,70,20,15,10,57.802,34.905
861,70,20,15,10,57.831,34.903
862,70,20,15,10,57.86,34.901
863,70,20,15,10,57.889,34.899
864,70,20,15,10,57.918,34.898
865,70,20,15,10,57.949,34.896
866,70,20,15,10,57.979,34.895
867,70,20,15,10,58.011,34.894
868,70,20,15,10,58.044,34.892
869,70,20,15,10,58.078,34.891
870,70,20,15,10,58.113,34.89
871,70,20,15,10,58.15,34.889
872,70,20,15,10,58.188,34.888
873,70,20,15,10,58.228,34.888
874,70,20,15,10,58.268,34.887
875,70,20,15,10,58.31,34.887
876,70,20,15,10,58.354,34.886
877,70,20,15,10,58.398,34.886
878,70,20,15,10,58.443,34.885
879,70,20,15,10,58.489,34.885
880,70,20,15,10,58.536,34.885
881,70,20,15,10,58.583,34.885
882,70,20,15,10,58.63,34.885
883,70,20,15,10,58.678,34.885
884,70,20,15,10,58.726,34.886
885,70,20,15,10,58.774,34.886
886,70,20,15,10,58.822,34.886
887,70,20,15,10,58.87,34.887
888,70,20,15,10,58.918,34.888
889,70,20,15,10,58.966,34.888
890,70,20,15,10,59.014,34.889
891,70,20,15,10,59.062,34.89
892,70,20,15,10,59.11,34.891
893,70,20,15,10,59.157,34.892
894,70,20,15,10,59.204,34.893
895,70,20,15,10,59.252,34.894
896,70,20,15,10,59.298,34.895
897,70,20,15,10,59.345,34.897
898,70,20,15,10,59.391,34.898
899,70,20,15,10,59.436,34.9
900,70,20,15,10,59.479,34.901
901,70,20,15,10,59.521,34.903
902,70,20,15,10,59.56,34.905
903,70,20,15,10,59.596,34.906
904,70,20,15,10,59.629,34.908
905,70,20,15,10,59.658,34.91
906,70,20,15,10,59.683,34.912
907,70,20,15,10,59.703,34.914
908,70,20,15,10,59.72,34.917
909,70,20,15,10,59.733,34.919
910,70,20,15,10,59.743,34.921
911,70,20,15,10,59.751,34.924
912,70,20,15,10,59.756,34.926
913,70,20,15,10,59.76,34.929
914,70,20,15,10,59.762,34.931
915,70,20,15,10,59.764,34.934
916,70,20,15,10,59.766,34.937
917,70,20,15,10,59.766,34.94
918,70,20,15,10,59.767,34.943
919,70,20,15,10,59.768,34.946
920,70,20,15,10,59.768,34.949
921,70,20,15,10,59.769,34.952
922,70,20,15,10,59.769,34.955
923,70,20,15,10,59.77,34.958
924,70,20,15,10,59.77,34.962
925,70,20,15,10,59.771,34.965
926,70,20,15,10,59.771,34.969
927,70,20,15,10,59.772,34.972
928,70,20,15,10,59.772,34.976
929,70,20,15,10,59.773,34.98
930,70,20,15,10,59.773,34.983
931,70,20,15,10,59.774,34.987
932,70,20,15,10,59.774,34.991
933,70,20,15,10,59.775,34.995
934,70,20,15,10,59.775,34.999
935,70,20,15,10,59.776,35.003
936,70,20,15,10,59.776,35.007
937,70,20,15,10,59.777,35.011
938,70,20,15,10,59.777,35.016
939,70,20,15,10,59.778,35.02
940,70,20,15,10,59.778,35.024
941,70,20,15,10,59.779,35.028
942,70,20,15,10,59.779,35.033
943,70,20,5,10,59.78,35.037
944,70,20,5,10,59.689,35.042
945,70,20,5,10,59.6,35.046
946,70,20,5,10,59.51,35.05
947,70,20,5,10,59.421,35.054
948,70,20,5,10,59.332,35.058
949,70,20,5,10,59.243,35.061
950,70,20,5,10,59.155,35.064
951,70,20,5,10,59.067,35.068
952,70,20,5,10,58.98,35.07
953,70,20,5,10,58.893,35.073
954,70,20,5,10,58.806,35.076
955,70,20,5,10,58.72,35.078
956,70,20,5,10,58.634,35.08
957,70,20,5,10,58.548,35.082
958,70,20,5,10,58.462,35.084
959,70,20,5,10,58.377,35.085
960,70,20,5,10,58.293,35.086
961,70,20,5,10,58.208,35.087
962,70,20,5,10,58.124,35.088
963,70,20,5,10,58.04,35.088
964,70,20,5,10,57.957,35.089
965,70,20,5,10,57.874,35.089
966,70,20,5,10,57.791,35.089
967,70,20,5,10,57.708,35.089
968,70,20,5,10,57.626,35.088
969,70,20,5,10,57.544,35.087
970,70,20,5,10,57.463,35.086
971,70,20,5,10,57.382,35.085
972,70,20,5,10,57.301,35.084
973,70,20,5,10,57.22,35.082
974,70,20,5,10,57.14,35.081
975,70,20,5,10,57.06,35.079
976,70,20,5,10,56.98,35.077
977,70,20,5,10,56.901,35.074
978,70,20,5,10,56.822,35.072
979,70,20,5,10,56.743,35.069
980,70,20,5,10,56.665,35.066
981,70,20,5,10,56.587,35.063
982,70,20,5,10,56.509,35.06
983,70,20,5,10,56.431,35.056
984,70,20,5,10,56.354,35.052
985,70,20,5,10,56.277,35.048
986,70,20,5,10,56.201,35.044
987,70,20,5,10,56.124,35.04
988,70,20,5,10,56.048,35.036
989,70,20,5,10,55.972,35.031
990,70,20,5,10,55.897,35.026
991,70,20,5,10,55.822,35.021
992,70,20,5,10,55.747,35.016
993,70,20,5,10,55.672,35.01
994,70,20,5,10,55.598,35.004
995,70,20,5,10,55.524,34.999
996,70,20,5,10,55.45,34.993
997,70,20,5,10,55.377,34.986
998,70,20,5,10,55.303,34.98
999,70,20,5,10,55.23,34.973
1000,70,20,5,10,55.158,34.966
1001,70,20,5,10,55.085,34.959
1002,70,20,5,10,55.013,34.952
1003,70,20,5,10,54.941,34.945
1004,70,20,5,10,54.87,34.937
1005,70,20,5,10,54.798,34.929
1006,70,20,5,10,54.727,34.921
1007,70,20,5,10,54.656,34.913
1008,70,20,5,10,54.586,34.904
1009,70,20,5,10,54.516,34.896
1010,70,20,5,10,54.446,34.887
1011,70,20,5,10,54.376,34.878
1012,70,20,5,10,54.306,34.869
1013,70,20,5,10,54.237,34.859
1014,70,20,5,10,54.168,34.85
1015,70,20,5,10,54.099,34.84
1016,70,20,5,10,54.031,34.83
1017,70,20,5,10,53.963,34.82
1018,70,20,5,10,53.895,34.81
1019,70,20,5,10,53.827,34.799
1020,70,20,5,10,53.76,34.789
1021,70,20,5,10,53.692,34.778
1022,70,20,5,10,53.625,34.767
1023,70,20,5,10,53.559,34.756
1024,70,20,5,10,53.492,34.745
1025,70,20,5,10,53.426,34.733
1026,70,20,5,10,53.36,34.722
1027,70,20,5,10,53.294,34.71
1028,70,20,5,10,53.229,34.698
1029,70,20,5,10,53.163,34.686
1030,70,20,5,10,53.098,34.674
1031,70,20,5,10,53.034,34.662
1032,70,20,5,10,52.969,34.649
1033,70,20,5,10,52.905,34.637
1034,70,20,5,10,52.841,34.624
1035,70,20,5,10,52.777,34.611
1036,70,20,5,10,52.713,34.598
1037,70,20,5,10,52.65,34.585
1038,70,20,5,10,52.586,34.572
1039,70,20,5,10,52.523,34.559
1040,70,20,5,10,52.461,34.546
1041,70,20,5,10,52.398,34.532
1042,70,20,5,10,52.336,34.519
1043,70,20,5,10,52.274,34.505
1044,70,20,5,10,52.212,34.491
1045,70,20,5,10,52.15,34.478
1046,70,20,5,10,52.089,34.464
1047,70,20,5,10,52.028,34.449
1048,70,20,5,10,51.967,34.435
1049,70,20,5,10,51.906,34.421
1050,70,20,5,10,51.846,34.407
1051,70,20,5,10,51.785,34.392
1052,70,20,5,10,51.725,34.378
1053,70,20,5,10,51.665,34.363
1054,70,20,5,10,51.606,34.348
1055,70,20,5,10,51.546,34.333
1056,70,20,5,10,51.487,34.319
1057,70,20,5,10,51.428,34.304
1058,70,20,5,10,51.369,34.289
1059,70,20,5,10,51.31,34.274
1060,70,20,5,10,51.252,34.259
1061,70,20,5,10,51.194,34.243
1062,70,20,5,10,51.136,34.228
1063,70,20,5,10,51.078,34.213
1064,70,20,5,10,51.02,34.198
1065,70,20,5,10,50.963,34.183
1066,70,20,5,10,50.906,34.168
1067,70,20,5,10,50.849,34.153
1068,70,20,5,10,50.792,34.138
1069,70,20,5,10,50.735,34.123
1070,70,20,5,10,50.679,34.108
1071,70,20,5,10,50.623,34.093
1072,70,20,5,10,50.566,34.079
1073,70,20,5,10,50.511,34.064
1074,70,20,5,10,50.455,34.05
1075,70,20,5,10,50.4,34.035
1076,70,20,5,10,50.344,34.021
1077,70,20,5,10,50.289,34.007
1078,70,20,5,10,50.234,33.993
1079,70,20,5,10,50.18,33.979
1080,70,20,5,10,50.125,33.965
1081,70,20,5,10,50.071,33.951
1082,70,20,5,10,50.017,33.937
1083,70,20,5,10,49.963,33.924
1084,70,20,5,10,49.909,33.91
1085,70,20,5,10,49.855,33.897
1086,70,20,5,10,49.802,33.883
1087,70,20,5,10,49.749,33.87
1088,70,20,5,10,49.696,33.857
1089,70,20,5,10,49.643,33.844
1090,70,20,5,10,49.59,33.831
1091,70,20,5,10,49.538,33.818
1092,70,20,5,10,49.485,33.806
1093,70,20,5,10,49.433,33.793
1094,70,20,5,10,49.381,33.78
1095,70,20,5,10,49.329,33.768
1096,70,20,5,10,49.278,33.756
1097,70,20,5,10,49.226,33.743
1098,70,20,5,10,49.175,33.731
1099,70,20,5,10,49.124,33.719
1100,70,20,5,10,49.073,33.707
1101,70,20,5,10,49.022,33.695
1102,70,20,5,10,48.972,33.684
1103,70,20,5,10,48.921,33.672
1104,70,20,5,10,48.871,33.66
1105,70,20,5,10,48.821,33.649
1106,70,20,5,10,48.771,33.637
1107,70,20,5,10,48.721,33.626
1108,70,20,5,10,48.672,33.615
1109,70,20,5,10,48.622,33.604
1110,70,20,5,10,48.573,33.593
1111,70,20,5,10,48.524,33.582
1112,70,20,5,10,48.475,33.571
1113,70,20,5,10,48.426,33.56
1114,70,20,5,10,48.377,33.549
1115,70,20,5,10,48.329,33.539
1116,70,20,5,10,48.281,33.528
1117,70,20,5,10,48.233,33.518
1118,70,20,5,10,48.185,33.507
1119,70,20,5,10,48.137,33.497
1120,70,20,5,10,48.089,33.487
1121,70,20,5,10,48.042,33.476
1122,70,20,5,10,47.994,33.466
1123,70,20,5,10,47.947,33.456
1124,70,20,5,10,47.9,33.447
1125,70,20,5,10,47.853,33.437
1126,70,20,5,15,47.806,33.427
1127,70,20,5,15,47.76,33.35
1128,70,20,5,15,47.713,33.274
1129,70,20,5,15,47.667,33.199
1130,70,20,5,15,47.621,33.124
1131,70,20,5,15,47.574,33.05
1132,70,20,5,15,47.528,32.977
1133,70,20,5,15,47.482,32.904
1134,70,20,5,15,47.437,32.832
1135,70,20,5,15,47.391,32.76
1136,70,20,5,15,47.345,32.689
1137,70,20,5,15,47.3,32.619
1138,70,20,5,15,47.254,32.549
1139,70,20,5,15,47.209,32.48
1140,70,20,5,15,47.164,32.411
1141,70,20,5,15,47.119,32.343
1142,70,20,5,15,47.074,32.276
1143,70,20,5,15,47.029,32.209
1144,70,20,5,15,46.984,32.143
1145,70,20,5,15,46.94,32.077
1146,70,20,5,15,46.895,32.012
1147,70,20,5,15,46.851,31.948
1148,70,20,5,15,46.806,31.884
1149,70,20,5,15,46.762,31.82
1150,70,20,5,15,46.718,31.757
1151,70,20,5,15,46.675,31.695
1152,70,20,5,15,46.631,31.633
1153,70,20,5,15,46.588,31.572
1154,70,20,5,15,46.544,31.511
1155,70,20,5,15,46.501,31.451
1156,70,20,5,15,46.458,31.391
1157,70,20,5,15,46.416,31.332
1158,70,20,5,15,46.374,31.273
1159,70,20,5,15,46.332,31.215
1160,70,20,5,15,46.29,31.158
1161,70,20,5,15,46.249,31.101
1162,70,20,5,15,46.208,31.044
1163,70,20,5,15,46.167,30.988
1164,70,20,5,15,46.127,30.932
1165,70,20,5,15,46.088,30.877
1166,70,20,5,15,46.049,30.822
1167,70,20,5,15,46.011,30.768
1168,70,20,5,15,45.973,30.714
1169,70,20,5,15,45.936,30.661
1170,70,20,5,15,45.9,30.608
1171,70,20,5,15,45.865,30.556
1172,70,20,5,15,45.83,30.504
1173,70,20,5,15,45.796,30.452
1174,70,20,5,15,45.763,30.401
1175,70,20,5,15,45.732,30.351
1176,70,20,5,15,45.701,30.301
1177,70,20,5,15,45.671,30.251
1178,70,20,5,15,45.642,30.202
1179,70,20,5,15,45.614,30.153
1180,70,20,5,15,45.587,30.105
1181,70,20,5,15,45.562,30.057
1182,70,20,5,15,45.537,30.009
1183,70,20,5,15,45.513,29.962
1184,70,20,5,15,45.491,29.915
1185,70,20,5,15,45.469,29.869
1186,70,20,5,15,45.449,29.823
1187,70,20,5,15,45.43,29.777
1188,70,20,5,15,45.411,29.732
1189,70,20,5,15,45.394,29.687
1190,70,20,5,15,45.377,29.643
1191,70,20,5,15,45.361,29.599
1192,70,20,5,15,45.346,29.555
1193,70,20,5,15,45.332,29.511
1194,70,20,5,15,45.319,29.468
1195,70,20,5,15,45.306,29.425
1196,70,20,5,15,45.294,29.383
1197,70,20,5,15,45.283,29.341
1198,70,20,5,15,45.272,29.3
1199,70,20,5,15,45.261,29.26
1200,70,20,5,15,45.251,29.221
1201,70,20,5,15,45.242,29.184
1202,70,20,5,15,45.233,29.149
1203,70,20,5,15,45.224,29.116
1204,70,20,5,15,45.216,29.087
1205,70,20,5,15,45.207,29.06
1206,70,20,5,15,45.2,29.037
1207,70,20,5,15,45.192,29.018
1208,70,20,5,15,45.184,29.001
1209,70,20,5,15,45.177,28.988
1210,70,20,5,15,45.17,28.977
1211,70,20,5,15,45.163,28.968
1212,70,20,5,15,45.156,28.961
1213,70,20,5,15,45.149,28.956
1214,70,20,5,15,45.142,28.951
1215,70,20,5,15,45.136,28.947
1216,70,20,5,15,45.129,28.943
1217,70,20,5,15,45.122,28.94
1218,70,20,5,15,45.116,28.937
1219,70,20,5,15,45.109,28.934
1220,70,20,5,15,45.103,28.931
1221,70,20,5,15,45.096,28.929
1222,70,20,5,15,45.09,28.926
1223,70,20,5,15,45.083,28.923
1224,70,20,5,15,45.077,28.921
1225,70,20,5,15,45.07,28.918
1226,70,20,5,15,45.064,28.915
1227,70,20,5,15,45.057,28.913
1228,70,20,5,15,45.051,28.91
1229,70,20,5,15,45.045,28.908
1230,70,20,5,15,45.038,28.906
1231,70,20,5,15,45.032,28.903
1232,70,20,5,15,45.025,28.901
1233,70,20,5,15,45.019,28.899
1234,70,20,5,15,45.012,28.896
1235,70,20,5,15,45.006,28.894
1236,70,20,5,15,44.999,28.892
1237,70,20,5,15,44.993,28.89
1238,70,20,5,15,44.986,28.888
1239,70,20,5,15,44.98,28.886
1240,70,20,5,15,44.973,28.884
1241,70,20,5,15,44.967,28.881
1242,70,20,5,15,44.96,28.88
1243,70,20,5,15,44.954,28.878
1244,70,20,5,15,44.948,28.876
1245,70,20,5,15,44.941,28.874
1246,70,20,5,15,44.935,28.872
1247,70,20,5,15,44.928,28.87
1248,70,20,5,15,44.922,28.868
1249,70,20,5,15,44.915,28.866
1250,70,20,5,15,44.908,28.865
1251,70,20,5,15,44.902,28.863
1252,70,20,5,15,44.895,28.861
1253,70,20,5,15,44.889,28.86
1254,70,20,5,15,44.882,28.858
1255,70,20,5,15,44.876,28.856
1256,70,20,5,15,44.869,28.855
1257,70,20,5,15,44.863,28.853
1258,70,20,5,15,44.856,28.852
1259,70,20,5,15,44.85,28.85
1260,70,20,5,15,44.843,28.849
1261,70,20,5,15,44.837,28.847
1262,70,20,5,15,44.83,28.846
1263,70,20,5,15,44.824,28.844
1264,70,20,5,15,44.817,28.843
1265,70,20,5,15,44.811,28.841
1266,70,20,5,15,44.804,28.84
1267,70,20,5,15,44.798,28.839
1268,70,20,5,15,44.791,28.837
1269,70,20,5,15,44.785,28.836
1270,70,20,5,15,44.778,28.835
1271,70,20,5,15,44.772,28.833
1272,70,20,5,15,44.765,28.832
1273,70,20,5,15,44.759,28.831
1274,70,20,5,15,44.752,28.83
1275,70,20,5,15,44.746,28.828
1276,70,20,5,15,44.739,28.827
1277,70,20,5,15,44.733,28.826
1278,70,20,5,15,44.726,28.825
1279,70,20,5,15,44.72,28.823
1280,70,20,5,15,44.713,28.822
1281,70,20,5,15,44.707,28.821
1282,70,20,5,15,44.701,28.82
1283,70,20,5,15,44.694,28.819
1284,70,20,5,15,44.688,28.817
1285,70,20,5,15,44.681,28.816
1286,70,20,5,5,44.675,28.815
1287,70,20,5,5,44.668,28.908
1288,70,20,5,5,44.662,29.001
1289,70,20,5,5,44.656,29.093
1290,70,20,5,5,44.65,29.185
1291,70,20,5,5,44.644,29.276
1292,70,20,5,5,44.638,29.366
1293,70,20,5,5,44.632,29.457
1294,70,20,5,5,44.626,29.546
1295,70,20,5,5,44.621,29.635
1296,70,20,5,5,44.615,29.724
1297,70,20,5,5,44.61,29.812
1298,70,20,5,5,44.604,29.899
1299,70,20,5,5,44.599,29.987
1300,70,20,5,5,44.594,30.073
1301,70,20,5,5,44.589,30.159
1302,70,20,5,5,44.584,30.245
1303,70,20,5,5,44.579,30.33
1304,70,20,5,5,44.574,30.415
1305,70,20,5,5,44.57,30.499
1306,70,20,5,5,44.565,30.583
1307,70,20,5,5,44.561,30.666
1308,70,20,5,5,44.556,30.749
1309,70,20,5,5,44.552,30.831
1310,70,20,5,5,44.548,30.913
1311,70,20,5,5,44.544,30.994
1312,70,20,5,5,44.54,31.075
1313,70,20,5,5,44.536,31.156
1314,70,20,5,5,44.532,31.236
1315,70,20,5,5,44.528,31.316
1316,70,20,5,5,44.524,31.395
1317,70,20,5,5,44.521,31.474
1318,70,20,5,5,44.517,31.552
1319,70,20,5,5,44.514,31.63
1320,70,20,5,5,44.511,31.708
1321,70,20,5,5,44.507,31.785
1322,70,20,5,5,44.504,31.861
1323,70,20,5,5,44.501,31.938
1324,70,20,5,5,44.498,32.013
1325,70,20,5,5,44.495,32.089
1326,70,20,5,5,44.493,32.164
1327,70,20,5,5,44.49,32.238
1328,70,20,5,5,44.487,32.313
1329,70,20,5,5,44.485,32.386
1330,70,20,5,5,44.482,32.46
1331,70,20,5,5,44.48,32.533
1332,70,20,5,5,44.478,32.605
1333,70,20,5,5,44.475,32.678
1334,70,20,5,5,44.473,32.749
1335,70,20,5,5,44.471,32.821
1336,70,20,5,5,44.469,32.892
1337,70,20,5,5,44.467,32.963
1338,70,20,5,5,44.465,33.033
1339,70,20,5,5,44.464,33.103
1340,70,20,5,5,44.462,33.172
1341,70,20,5,5,44.461,33.242
1342,70,20,5,5,44.459,33.31
1343,70,20,5,5,44.458,33.379
1344,70,20,5,5,44.456,33.447
1345,70,20,5,5,44.455,33.515
1346,70,20,5,5,44.454,33.582
1347,70,20,5,5,44.453,33.649
1348,70,20,5,5,44.452,33.716
1349,70,20,5,5,44.451,33.782
1350,70,20,5,5,44.45,33.848
1351,70,20,5,5,44.449,33.913
1352,70,20,5,5,44.449,33.979
1353,70,20,5,5,44.448,34.044
1354,70,20,5,5,44.448,34.108
1355,70,20,5,5,44.447,34.172
1356,70,20,5,5,44.447,34.236
1357,70,20,5,5,44.447,34.3
1358,70,20,5,5,44.447,34.363
1359,70,20,5,5,44.447,34.426
1360,70,20,5,5,44.447,34.488
1361,70,20,5,5,44.447,34.551
1362,70,20,5,5,44.447,34.613
1363,70,20,5,5,44.448,34.674
1364,70,20,5,5,44.448,34.736
1365,70,20,5,5,44.449,34.796
1366,70,20,5,5,44.45,34.857
1367,70,20,5,5,44.451,34.917
1368,70,20,5,5,44.452,34.977
1369,70,20,5,5,44.453,35.037
1370,70,20,5,5,44.454,35.097
1371,70,20,5,5,44.455,35.156
1372,70,20,5,5,44.457,35.215
1373,70,20,5,5,44.458,35.273
1374,70,20,5,5,44.46,35.331
1375,70,20,5,5,44.462,35.389
1376,70,20,5,5,44.464,35.447
1377,70,20,5,5,44.466,35.504
1378,70,20,5,5,44.468,35.561
1379,70,20,5,5,44.471,35.618
1380,70,20,5,5,44.473,35.674
1381,70,20,5,5,44.476,35.73
1382,70,20,5,5,44.479,35.786
1383,70,20,5,5,44.482,35.842
1384,70,20,5,5,44.485,35.897
1385,70,20,5,5,44.488,35.952
1386,70,20,5,5,44.492,36.007
1387,70,20,5,5,44.495,36.062
1388,70,20,5,5,44.499,36.116
1389,70,20,5,5,44.503,36.17
1390,70,20,5,5,44.506,36.223
1391,70,20,5,5,44.51,36.277
1392,70,20,5,5,44.515,36.33
1393,70,20,5,5,44.519,36.383
1394,70,20,5,5,44.523,36.435
1395,70,20,5,5,44.528,36.488
1396,70,20,5,5,44.533,36.54
1397,70,20,5,5,44.538,36.592
1398,70,20,5,5,44.543,36.643
1399,70,20,5,5,44.548,36.695
1400,70,20,5,5,44.553,36.746
1401,70,20,5,5,44.558,36.797
1402,70,20,5,5,44.564,36.847
1403,70,20,5,5,44.57,36.897
1404,70,20,5,5,44.575,36.948
1405,70,20,5,5,44.581,36.997
1406,70,20,5,5,44.587,37.047
1407,70,20,5,5,44.593,37.096
1408,70,20,5,5,44.6,37.146
1409,70,20,5,5,44.606,37.194
1410,70,20,5,5,44.612,37.243
1411,70,20,5,5,44.619,37.291
1412,70,20,5,5,44.626,37.34
1413,70,20,5,5,44.633,37.388
1414,70,20,5,5,44.64,37.435
1415,70,20,5,5,44.647,37.483
1416,70,20,5,5,44.654,37.53
1417,70,20,5,5,44.661,37.577
1418,70,20,5,5,44.669,37.624
1419,70,20,5,5,44.676,37.671
1420,70,20,5,5,44.684,37.717
1421,70,20,5,5,44.692,37.763
1422,70,20,5,5,44.7,37.809
1423,70,20,5,5,44.708,37.855
1424,70,20,5,5,44.716,37.9
1425,70,20,5,5,44.724,37.946
1426,70,20,5,5,44.732,37.991
1427,70,20,5,5,44.741,38.036
1428,70,20,5,5,44.749,38.08
1429,70,20,5,5,44.758,38.125
1430,70,20,5,5,44.767,38.169
1431,70,20,5,5,44.775,38.213
1432,70,20,5,5,44.784,38.257
1433,70,20,5,5,44.793,38.3
1434,70,20,5,5,44.803,38.344
1435,70,20,5,5,44.812,38.387
1436,70,20,5,5,44.821,38.43
1437,70,20,5,5,44.83,38.473
1438,70,20,5,5,44.84,38.516
1439,70,20,5,5,44.849,38.558
1440,70,20,5,5,44.859,38.6
1441,70,20,5,5,44.869,38.642
1442,70,20,5,5,44.879,38.684
1443,70,20,5,5,44.889,38.726
1444,70,20,5,5,44.899,38.767
1445,70,20,5,5,44.909,38.809
1446,70,20,5,5,44.919,38.85
1447,70,20,5,5,44.929,38.891
1448,70,20,5,5,44.939,38.931
1449,70,20,5,5,44.95,38.972
1450,70,20,5,5,44.96,39.012
1451,70,20,5,5,44.971,39.052
1452,70,20,5,5,44.981,39.092
1453,70,20,5,5,44.992,39.132
1454,70,20,5,5,45.002,39.172
1455,70,20,5,5,45.013,39.211
1456,70,20,5,5,45.024,39.251
1457,70,20,5,5,45.035,39.29
1458,70,20,5,5,45.046,39.329
1459,70,20,5,5,45.057,39.367
1460,70,20,5,5,45.068,39.406
1461,70,20,5,5,45.079,39.444
1462,70,20,5,5,45.09,39.483
1463,70,20,5,5,45.101,39.521
1464,70,20,5,5,45.113,39.559
1465,70,20,5,5,45.124,39.597
1466,70,20,5,5,45.135,39.634
1467,70,20,5,5,45.147,39.672
1468,70,20,5,5,45.158,39.709
1469,70,20,5,5,45.17,39.746
1470,70,20,5,5,45.181,39.783
1471,70,20,5,5,45.193,39.82
1472,70,20,5,5,45.205,39.856
1473,70,20,5,5,45.216,39.893
1474,70,20,5,5,45.228,39.929
1475,70,20,5,5,45.24,39.965
1476,70,20,5,5,45.252,40.001
1477,70,20,5,5,45.264,40.037
1478,70,20,5,5,45.276,40.073
1479,70,20,5,5,45.288,40.108
1480,70,20,5,5,45.3,40.143
1481,70,20,5,5,45.312,40.179
1482,70,20,5,5,45.324,40.214
1483,70,20,5,5,45.336,40.249
1484,70,20,5,5,45.349,40.283
1485,70,20,5,5,45.361,40.318
1486,70,20,5,5,45.373,40.352
1487,70,20,5,5,45.386,40.387
1488,70,20,5,5,45.398,40.421
1489,70,20,5,5,45.411,40.455
1490,70,20,5,5,45.423,40.489
1491,70,20,5,5,45.436,40.522
1492,70,20,5,5,45.448,40.556
1493,70,20,5,5,45.461,40.589
1494,70,20,5,5,45.474,40.622
1495,70,20,5,5,45.486,40.655
1496,70,20,5,5,45.499,40.688
1497,70,20,5,5,45.512,40.72
1498,70,20,5,5,45.525,40.753
1499,70,20,5,5,45.538,40.785
1500,70,20,5,5,45.551,40.817
1501,70,20,5,5,45.564,40.848
1502,70,20,5,5,45.577,40.88
1503,70,20,5,5,45.59,40.911
1504,70,20,5,5,45.603,40.941
1505,70,20,5,5,45.616,40.972
1506,70,20,5,5,45.629,41.002
1507,70,20,5,5,45.642,41.031
1508,70,20,5,5,45.655,41.061
1509,70,20,5,5,45.669,41.089
1510,70,20,5,5,45.682,41.118
1511,70,20,5,5,45.695,41.145
1512,70,20,5,5,45.708,41.173
1513,70,20,5,5,45.722,41.199
1514,70,20,5,5,45.735,41.225
1515,70,20,5,5,45.748,41.251
1516,70,20,5,5,45.762,41.275
1517,70,20,5,5,45.775,41.299
1518,70,20,5,5,45.789,41.323
1519,70,20,5,5,45.802,41.345
1520,70,20,5,5,45.815,41.367
1521,70,20,5,5,45.829,41.388
1522,70,20,5,5,45.842,41.408
1523,70,20,20,5,45.855,41.428
1524,70,20,20,5,46.174,41.447
1525,70,20,20,5,46.492,41.465
1526,70,20,20,5,46.809,41.482
1527,70,20,20,5,47.125,41.499
1528,70,20,20,5,47.441,41.516
1529,70,20,20,5,47.755,41.532
1530,70,20,20,5,48.068,41.547
1531,70,20,20,5,48.38,41.562
1532,70,20,20,5,48.69,41.576
1533,70,20,20,5,48.999,41.59
1534,70,20,20,5,49.306,41.603
1535,70,20,20,20,49.613,41.616
1536,70,20,20,20,49.917,41.373
1537,70,20,20,20,50.22,41.124
1538,70,20,20,20,50.521,40.871
1539,70,20,20,20,50.82,40.616
1540,70,20,20,20,51.118,40.361
1541,70,20,20,20,51.413,40.106
1542,70,20,20,20,51.707,39.851
1543,70,20,20,20,51.999,39.597
1544,70,20,20,20,52.289,39.345
1545,70,20,20,20,52.577,39.094
1546,70,20,20,20,52.864,38.844
1547,70,20,20,20,53.148,38.595
1548,70,20,20,20,53.431,38.348
1549,70,20,20,20,53.712,38.103
1550,70,20,20,20,53.992,37.858
1551,70,20,20,20,54.269,37.616
1552,70,20,20,20,54.545,37.375
1553,70,20,20,20,54.819,37.135
1554,70,20,20,20,55.091,36.897
1555,70,20,20,20,55.362,36.661
1556,70,20,20,20,55.631,36.425
1557,70,20,20,20,55.898,36.192
1558,70,20,20,20,56.163,35.96
1559,70,20,20,20,56.427,35.729
1560,70,20,20,20,56.688,35.499
1561,70,20,20,20,56.948,35.271
1562,70,20,20,20,57.207,35.045
1563,70,20,20,20,57.463,34.819
1564,70,20,20,20,57.718,34.595
1565,70,20,20,20,57.971,34.373
1566,70,20,20,20,58.223,34.151
1567,70,20,20,20,58.472,33.931
1568,70,20,20,20,58.72,33.713
1569,70,20,20,20,58.967,33.495
1570,70,20,20,20,59.211,33.279
1571,70,20,20,20,59.454,33.064
1572,70,20,20,20,59.695,32.85
1573,70,20,20,20,59.934,32.637
1574,70,20,20,20,60.172,32.426
1575,70,20,20,20,60.407,32.215
1576,70,20,20,20,60.639,32.006
1577,70,20,20,20,60.867,31.798
1578,70,20,20,20,61.087,31.591
1579,70,20,20,20,61.296,31.385
1580,70,20,20,20,61.49,31.18
1581,70,20,20,20,61.662,30.977
1582,70,20,20,20,61.808,30.774
1583,70,20,20,20,61.925,30.572
1584,70,20,20,20,62.012,30.372
1585,70,20,20,20,62.071,30.172
1586,70,20,20,20,62.107,29.973
1587,70,20,20,20,62.124,29.776
1588,70,20,20,20,62.128,29.58
1589,70,20,20,20,62.122,29.387
1590,70,20,20,20,62.11,29.198
1591,70,20,20,20,62.095,29.018
1592,70,20,20,20,62.078,28.849
1593,70,20,20,20,62.06,28.698
1594,70,20,20,20,62.042,28.568
1595,70,20,20,20,62.023,28.463
1596,70,20,20,20,62.004,28.384
1597,70,20,20,20,61.985,28.33
1598,70,20,20,20,61.967,28.296
1599,70,20,20,20,61.948,28.279
1600,70,20,20,20,61.93,28.275
1601,70,20,20,20,61.913,28.278
1602,70,20,20,20,61.896,28.287
1603,70,20,20,20,61.879,28.298
1604,70,20,20,20,61.863,28.31
1605,70,20,20,20,61.847,28.322
1606,70,20,20,20,61.831,28.335
1607,70,20,20,20,61.816,28.347
1608,70,20,20,20,61.801,28.359
1609,70,20,20,20,61.786,28.37
1610,70,20,20,20,61.772,28.381
1611,70,20,20,20,61.759,28.392
1612,70,20,20,20,61.745,28.402
1613,70,20,20,20,61.733,28.412
1614,70,20,20,20,61.72,28.421
1615,70,20,20,20,61.708,28.43
1616,70,20,20,20,61.696,28.438
1617,70,20,20,20,61.685,28.447
1618,70,20,20,20,61.673,28.454
1619,70,20,20,20,61.663,28.462
1620,70,20,20,20,61.652,28.469
1621,70,20,20,20,61.642,28.475
1622,70,20,20,20,61.633,28.481
1623,70,20,20,20,61.623,28.487
1624,70,20,20,20,61.614,28.493
1625,70,20,20,20,61.606,28.498
1626,70,20,20,20,61.597,28.503
1627,70,20,20,20,61.589,28.507
1628,70,20,20,20,61.582,28.511
1629,70,20,20,20,61.574,28.515
1630,70,20,20,20,61.567,28.518
